Workbook

Sheet Instruction
A2: Vui lòng đọc kỹ và làm theo đúng thứ tự các bước hướng dẫn dưới đây:
A3: 1. | B3: Điền mã sinh viên và tên các thành viên của nhóm vào sheet 'Member List'.
A4: 2. | B4: Mỗi thành viên (theo thứ tự đã sắp xếp trong sheet 'Member List') lựa chọn sheet 'Member #' phù hợp để đánh giá chính bản thân mình và các thành viên khác trong nhóm.
A5: 3. | B5: Điền Ngày đánh giá
B6: Lựa chọn giá trị phù hợp cho từng tiêu chí đánh giá bằng cách tham khảo bảng được cung cấp ở bên dưới.
B7: Đổi sheet name 'Member #' thành Tên Họ của người đánh giá (Ví dụ: An Nguyễn)
A8: 4. | B8: Lưu file lại theo quy định đặt tên đã quy định trong file mô tả đồ án nhóm.

Sheet Member List
A1: TEAM MEMBER LIST
A3: Team: | B3: 3
A5: No. | B5: Student ID | C5: Student Name
A6: 1 | B6: 2274802010863 | C6: Nguyễn Minh Thuận
A7: 2 | B7: 2274802010710 | C7: Lương Nhật Quang
A8: 3 | B8: 2274802010334 | C8: Trần Quý Huy

Sheet Sum
B1: BẢNG TỔNG HỢP ĐÁNH GIÁ KHẢ NĂNG LÀM VIỆC NHÓM CỦA MỖI THÀNH VIÊN
B2: TEAM MEMBER EVALUATION CONSOLIDATION FORM
B4: No. | C4: Student ID | D4: Student Name | E4: Average Grade by Team | F4: Comment
B5: 1 | C5: ='Member List'!B6 -> 2274802010863 | D5: ='Member List'!C6 -> Nguyễn Minh Thuận | E5: =AVERAGE('Member 1'!D7,'Member 2'!D7,'Member 3'!D7) -> 1
B6: 2 | C6: ='Member List'!B7 -> 2274802010710 | D6: ='Member List'!C7 -> Lương Nhật Quang | E6: =AVERAGE('Member 1'!D8,'Member 2'!D8,'Member 3'!D8) -> 1
B7: 3 | C7: ='Member List'!B8 -> 2274802010334 | D7: ='Member List'!C8 -> Trần Quý Huy | E7: =AVERAGE('Member 1'!D9,'Member 2'!D9,'Member 3'!D9) -> 1

Sheet Member 1
A1: RUBRIC ĐÁNH GIÁ KHẢ NĂNG CỦA TỪNG THÀNH VIÊN THAM GIA HIỆU QUẢ VÀO HOẠT ĐỘNG NHÓM
B3: Ngày | C3: <Evaluation Date>
A5: STT | B5: Người được đánh giá | D5: Tổng điểm | E5: Tiêu chí đánh giá
E6: Kỹ năng lắng nghe | F6: Cởi mở với những quan điểm khác biệt | G6: Tính chủ động & trách nhiệm | H6: Đóng góp | I6: Theo dõi và kiểm soát tiến độ cùng kết quả công việc | J6: Khả năng lãnh đạo
A7: 1 | B7: ='Member List'!C6 -> Nguyễn Minh Thuận | D7: =IFERROR(AVERAGE(VLOOKUP(E7,'Sheet 1'!$B$3:$D$8,3,),VLOOKUP(F7,'Sheet 1'!$B$3:$D$8,3,),VLOOKUP(G7,'Sheet 1'!$B$3:$D$8,3,),VLOOKUP(H7,'Sheet 1'!$B$3:$D$8,3,),VLOOKUP(I7,'Sheet 1'!$B$3:$D$8,3,),VLOOKUP(J7,'Sheet 1'!$B$3:$D$8,3,)),0) -> 1 | E7: Xuất sắc | F7: Xuất sắc | G7: Xuất sắc | H7: Xuất sắc | I7: Xuất sắc | J7: Xuất sắc
A8: 2 | B8: ='Member List'!C7 -> Lương Nhật Quang | D8: =IFERROR(AVERAGE(VLOOKUP(E8,'Sheet 1'!$B$3:$D$8,3,),VLOOKUP(F8,'Sheet 1'!$B$3:$D$8,3,),VLOOKUP(G8,'Sheet 1'!$B$3:$D$8,3,),VLOOKUP(H8,'Sheet 1'!$B$3:$D$8,3,),VLOOKUP(I8,'Sheet 1'!$B$3:$D$8,3,),VLOOKUP(J8,'Sheet 1'!$B$3:$D$8,3,)),0) -> 1 | E8: Xuất sắc | F8: Xuất sắc | G8: Xuất sắc | H8: Xuất sắc | I8: Xuất sắc | J8: Xuất sắc
A9: 3 | B9: ='Member List'!C8 -> Trần Quý Huy | D9: =IFERROR(AVERAGE(VLOOKUP(E9,'Sheet 1'!$B$3:$D$8,3,),VLOOKUP(F9,'Sheet 1'!$B$3:$D$8,3,),VLOOKUP(G9,'Sheet 1'!$B$3:$D$8,3,),VLOOKUP(H9,'Sheet 1'!$B$3:$D$8,3,),VLOOKUP(I9,'Sheet 1'!$B$3:$D$8,3,),VLOOKUP(J9,'Sheet 1'!$B$3:$D$8,3,)),0) -> 1 | E9: Xuất sắc | F9: Xuất sắc | G9: Xuất sắc | H9: Xuất sắc | I9: Xuất sắc | J9: Xuất sắc
A11: Tiêu chí | C11: Xuất sắc | E11: Tốt | F11: Khá | G11: Cần cải thiện | H11: Không thể chấp nhận | I11: Hoàn toàn không chấp nhận
A12: Kỹ năng lắng nghe | C12: Luôn luôn lắng nghe hết những gì người khác nói trước khi trả lời và luôn nói với thái độ trầm tĩnh; hiếm khi cắt ngang lời nói của người khác; thường xuyên mời người khác đóng góp ý kiến; duy trì sự giao tiếp bằng mắt. | E12: Thường xuyên lắng nghe những gì người khác nói trước khi trả lời, nói với mức độ vừa phải và thái độ trầm tĩnh; luôn mời người khác đóng góp ý kiến; tạo sự giao tiếp bằng mắt. | F12: Thỉnh thoảng lắng nghe những gì người khác nói trước khi trả lời; Đôi khi cắt ngang lời nói của người khác; đôi khi mời gọi ý kiến đóng góp của người khác; thỉnh thoảng tạo sự giao tiếp bằng mắt. | G12: Ít khi chịu lắng nghe những gì người khác nói trước khi trả lời; Thường xuyên cắt ngang lời nói của người khác; hiếm khi mời gọi ý kiến đóng góp của người khác; không tạo sự giao tiếp bằng mắt; Đôi khi làm việc riêng hoặc trò chuyện với người khác trong khi một thành viên trong nhóm đang trình bày. | H12: Không lắng nghe những gì người khác nói khi trả lời; Thường xuyên cắt ngang lời nói của người khác; Không mời gọi ý kiến đóng góp của người khác; Không tập trung và thường xuyên làm việc riêng hoặc trò chuyện với người khác trong khi một thành viên trong nhóm đang trình bày | I12: Không bao giờ có mặt và không có bất kỳ đóng góp nào cho nhóm.
A13: Cởi mở với những quan điểm khác biệt | C13: Lắng nghe ý kiến của người khác mà không ngắt ngang; Phản ứng tích cực ngay cả khi không chấp nhận ý kiến người khác; Đặt câu hỏi cho những ý kiến đưa ra. | E13: Lắng nghe ý kiến của người khác mà không ngắt ngang; Phản ứng tích cực ngay cả khi không chấp nhận ý kiến người khác. | F13: Đôi khi lắng nghe ý kiến của người khác mà không ngắt ngang; Có hồi đáp lại những ý kiến của người khác. | G13: Ngắt ngang ý kiến của người khác; Không nhận xét hoặc hồi đáp lại những ý kiến của người khác | H13: Ngắt ngang ý kiến của người khác; Đưa ra nhận xét chê bai và/hoặc thể hiện cử chỉ phản đối/xem thường ý kiến của người khác | I13: Không bao giờ có mặt và không có bất kỳ đóng góp nào cho nhóm.
A14: Tính chủ động và trách nhiệm | C14: Luôn luôn hoàn thành công việc được giao trước/đúng thời hạn đặt ra; Thường xuyên đến các buổi làm việc nhóm với những tài liệu cần thiết; Chủ động làm thêm những nghiên cứu, đọc, viết, thiết kế, thực hiện bổ sung so với yêu cầu đưa ra. | E14: Luôn chủ động hoàn thành mọi công việc được giao đúng hạn mà không phải đợi nhắc nhở. Thường xuyên tham gia các buổi làm việc nhóm với những tài liệu cần thiết. | F14: Hoàn thành công việc được giao đúng thời hạn mà ít khi đợi nhắc nhở; Thỉnh thoảng tham gia các buổi làm việc nhóm với đầy đủ những tài liệu cần thiết. | G14: Ít khi chủ động làm những công việc được phân công; thường xuyên phải đợi nhắc nhở. Ít khi tham gia các buổi làm việc nhóm mà có sự chuẩn bị những tài liệu cần thiết. | H14: Thụ động trong công việc, phải dựa dẫm vào người khác để làm việc. Thường xuyên không có sự chuẩn bị những tài liệu cần thiết khi tham gia các buổi làm việc nhóm. | I14: Không bao giờ có mặt và không có bất kỳ đóng góp nào cho nhóm
A15: Đóng góp | C15: Luôn tích cực tham dự các buổi họp trao đổi liên quan đến dự án và nỗ lực đóng góp nhiều sáng kiến/ý tưởng cho công việc chung của nhóm; Chất lượng công việc luôn trên mức mong đợi. | E15: Thường xuyên tham dự các buổi họp trao đổi liên quan đến dự án và đưa ra các ý kiến đề xuất cho công việc chung của nhóm; Chất lượng công việc trên mức mong đợi. | F15: Tham dự các buổi họp trao đổi liên quan đến dự án và đôi khi đưa ra các ý kiến đề xuất cho công việc chung của nhóm; Chất lượng công việc ở mức chấp nhận được. | G15: Không thường xuyên tham dự các buổi họp trao đổi liên quan đến dự án, lắng nghe những người khác và đôi khi đưa ra các ý kiến đề xuất, đóng góp cho công việc chung của nhóm; Chất lượng công việc không ổn định. | H15: Hiếm khi đóng góp cho nhóm; Các đóng góp thường là không liên quan; Thường xuyên bỏ lỡ các buổi làm việc nhóm. | I15: Không bao giờ có mặt và không có bất kỳ đóng góp nào cho nhóm
A16: Theo dõi và kiểm soát tiến độ cùng kết quả công việc | C16: Luôn luôn trao đổi và chia sẻ mọi thông tin tìm hiểu được với nhóm. Minh bạch mọi thông tin về tiến độ và kết quả công việc để tất cả mọi thành viên đều nắm rõ và dễ dàng theo dõi bằng cách thường xuyên cập nhật kết quả công việc được giao lên nơi lưu trữ tài liệu chung của nhóm. | E16: Có trao đổi trong nhóm về nội dung, tiến độ công việc nhưng không thường xuyên cập nhật lên nơi lưu trữ chung để tất cả mọi thành viên đều dễ dàng theo dõi. | F16: Có trao đổi trong nhóm về nội dung, tiến độ công việc nhưng luôn đợi nhắc nhở mới cập nhật tiến độ và kết quả công việc lên nơi lưu trữ chung để tất cả mọi thành viên đều dễ dàng theo dõi. | G16: Hiếm khi trao đổi, chia sẻ trong nhóm về nội dung, tiến độ công việc và cũng không ghi nhận minh bạch, rõ ràng để tất cả mọi thành viên đều dễ dàng theo dõi. | H16: Không theo dõi tiến độ và báo cáo công việc. Gần đến hạn nộp mới bắt đầu làm việc. | I16: Không bao giờ có mặt và không có bất kỳ đóng góp nào cho nhóm
A17: Khả năng lãnh đạo | C17: Luôn tìm kiếm cơ hội để dẫn dắt nhóm; lắng nghe tâm tư của từng thành viên; Bày tỏ kết quả mong đợi cho từng buổi làm việc và mỗi dự án; Giữ nhóm luôn theo đúng tiến độ; Tạo nền tảng cộng tác và tích hợp các nỗ lực cá nhân. | E17: Có mong muốn dẫn dắt nhóm; lắng nghe tâm tư của từng thành viên; Trình bày hướng đi chung cho từng buổi làm việc và mỗi dự án; Giữ nhóm luôn theo đúng tiến độ. | F17: Dẫn dắt nhóm trong trường hợp được yêu cầu; Không giỏi trong việc quan tâm sâu sát đến từng thành viên; Đôi khi đưa ra hướng đi cho các buổi làm việc nhóm; Gặp một vài rắc rối trong việc giữ nhóm luôn theo kịp tiến độ. | G17: Miễn cưỡng đảm nhiệm vai trò dẫn dắt nhóm; Cho phép sự đóng góp không đồng đều giữa các thành viên; Không có một ý niệm rõ ràng về kết quả mong đợi hoặc hướng đi; Không lên kế hoạch cho các buổi làm việc nhóm hoặc dự án. | H17: Có thể tình nguyện đảm nhiệm vai trò dẫn dắt nhóm nhưng không theo dõi công việc; Không hình dung ra kết quả mong đợi hoặc hướng đi cho các buổi làm việc nhóm hoặc dự án, khiến cho các thành viên trở nên thờ ơ và thiếu trách nhiệm với công việc chung. | I17: Không bao giờ có mặt và không có bất kỳ đóng góp nào cho nhóm.

Sheet Member 2
A1: RUBRIC ĐÁNH GIÁ KHẢ NĂNG CỦA TỪNG THÀNH VIÊN THAM GIA HIỆU QUẢ VÀO HOẠT ĐỘNG NHÓM
B3: Ngày | C3: <Evaluation Date>
A5: STT | B5: Người được đánh giá | D5: Tổng điểm | E5: Tiêu chí đánh giá
E6: Kỹ năng lắng nghe | F6: Cởi mở với những quan điểm khác biệt | G6: Tính chủ động & trách nhiệm | H6: Đóng góp | I6: Theo dõi và kiểm soát tiến độ cùng kết quả công việc | J6: Khả năng lãnh đạo
A7: 1 | B7: ='Member List'!C6 -> Nguyễn Minh Thuận | D7: =IFERROR(AVERAGE(VLOOKUP(E7,'Sheet 1'!$B$3:$D$8,3,),VLOOKUP(F7,'Sheet 1'!$B$3:$D$8,3,),VLOOKUP(G7,'Sheet 1'!$B$3:$D$8,3,),VLOOKUP(H7,'Sheet 1'!$B$3:$D$8,3,),VLOOKUP(I7,'Sheet 1'!$B$3:$D$8,3,),VLOOKUP(J7,'Sheet 1'!$B$3:$D$8,3,)),0) -> 1 | E7: Xuất sắc | F7: Xuất sắc | G7: Xuất sắc | H7: Xuất sắc | I7: Xuất sắc | J7: Xuất sắc
A8: 2 | B8: ='Member List'!C7 -> Lương Nhật Quang | D8: =IFERROR(AVERAGE(VLOOKUP(E8,'Sheet 1'!$B$3:$D$8,3,),VLOOKUP(F8,'Sheet 1'!$B$3:$D$8,3,),VLOOKUP(G8,'Sheet 1'!$B$3:$D$8,3,),VLOOKUP(H8,'Sheet 1'!$B$3:$D$8,3,),VLOOKUP(I8,'Sheet 1'!$B$3:$D$8,3,),VLOOKUP(J8,'Sheet 1'!$B$3:$D$8,3,)),0) -> 1 | E8: Xuất sắc | F8: Xuất sắc | G8: Xuất sắc | H8: Xuất sắc | I8: Xuất sắc | J8: Xuất sắc
A9: 3 | B9: ='Member List'!C8 -> Trần Quý Huy | D9: =IFERROR(AVERAGE(VLOOKUP(E9,'Sheet 1'!$B$3:$D$8,3,),VLOOKUP(F9,'Sheet 1'!$B$3:$D$8,3,),VLOOKUP(G9,'Sheet 1'!$B$3:$D$8,3,),VLOOKUP(H9,'Sheet 1'!$B$3:$D$8,3,),VLOOKUP(I9,'Sheet 1'!$B$3:$D$8,3,),VLOOKUP(J9,'Sheet 1'!$B$3:$D$8,3,)),0) -> 1 | E9: Xuất sắc | F9: Xuất sắc | G9: Xuất sắc | H9: Xuất sắc | I9: Xuất sắc | J9: Xuất sắc
A11: Tiêu chí | C11: Xuất sắc | E11: Tốt | F11: Khá | G11: Cần cải thiện | H11: Không thể chấp nhận | I11: Hoàn toàn không chấp nhận
A12: Kỹ năng lắng nghe | C12: Luôn luôn lắng nghe hết những gì người khác nói trước khi trả lời và luôn nói với thái độ trầm tĩnh; hiếm khi cắt ngang lời nói của người khác; thường xuyên mời người khác đóng góp ý kiến; duy trì sự giao tiếp bằng mắt. | E12: Thường xuyên lắng nghe những gì người khác nói trước khi trả lời, nói với mức độ vừa phải và thái độ trầm tĩnh; luôn mời người khác đóng góp ý kiến; tạo sự giao tiếp bằng mắt. | F12: Thỉnh thoảng lắng nghe những gì người khác nói trước khi trả lời; Đôi khi cắt ngang lời nói của người khác; đôi khi mời gọi ý kiến đóng góp của người khác; thỉnh thoảng tạo sự giao tiếp bằng mắt. | G12: Ít khi chịu lắng nghe những gì người khác nói trước khi trả lời; Thường xuyên cắt ngang lời nói của người khác; hiếm khi mời gọi ý kiến đóng góp của người khác; không tạo sự giao tiếp bằng mắt; Đôi khi làm việc riêng hoặc trò chuyện với người khác trong khi một thành viên trong nhóm đang trình bày. | H12: Không lắng nghe những gì người khác nói khi trả lời; Thường xuyên cắt ngang lời nói của người khác; Không mời gọi ý kiến đóng góp của người khác; Không tập trung và thường xuyên làm việc riêng hoặc trò chuyện với người khác trong khi một thành viên trong nhóm đang trình bày | I12: Không bao giờ có mặt và không có bất kỳ đóng góp nào cho nhóm.
A13: Cởi mở với những quan điểm khác biệt | C13: Lắng nghe ý kiến của người khác mà không ngắt ngang; Phản ứng tích cực ngay cả khi không chấp nhận ý kiến người khác; Đặt câu hỏi cho những ý kiến đưa ra. | E13: Lắng nghe ý kiến của người khác mà không ngắt ngang; Phản ứng tích cực ngay cả khi không chấp nhận ý kiến người khác. | F13: Đôi khi lắng nghe ý kiến của người khác mà không ngắt ngang; Có hồi đáp lại những ý kiến của người khác. | G13: Ngắt ngang ý kiến của người khác; Không nhận xét hoặc hồi đáp lại những ý kiến của người khác | H13: Ngắt ngang ý kiến của người khác; Đưa ra nhận xét chê bai và/hoặc thể hiện cử chỉ phản đối/xem thường ý kiến của người khác | I13: Không bao giờ có mặt và không có bất kỳ đóng góp nào cho nhóm.
A14: Tính chủ động và trách nhiệm | C14: Luôn luôn hoàn thành công việc được giao trước/đúng thời hạn đặt ra; Thường xuyên đến các buổi làm việc nhóm với những tài liệu cần thiết; Chủ động làm thêm những nghiên cứu, đọc, viết, thiết kế, thực hiện bổ sung so với yêu cầu đưa ra. | E14: Luôn chủ động hoàn thành mọi công việc được giao đúng hạn mà không phải đợi nhắc nhở. Thường xuyên tham gia các buổi làm việc nhóm với những tài liệu cần thiết. | F14: Hoàn thành công việc được giao đúng thời hạn mà ít khi đợi nhắc nhở; Thỉnh thoảng tham gia các buổi làm việc nhóm với đầy đủ những tài liệu cần thiết. | G14: Ít khi chủ động làm những công việc được phân công; thường xuyên phải đợi nhắc nhở. Ít khi tham gia các buổi làm việc nhóm mà có sự chuẩn bị những tài liệu cần thiết. | H14: Thụ động trong công việc, phải dựa dẫm vào người khác để làm việc. Thường xuyên không có sự chuẩn bị những tài liệu cần thiết khi tham gia các buổi làm việc nhóm. | I14: Không bao giờ có mặt và không có bất kỳ đóng góp nào cho nhóm
A15: Đóng góp | C15: Luôn tích cực tham dự các buổi họp trao đổi liên quan đến dự án và nỗ lực đóng góp nhiều sáng kiến/ý tưởng cho công việc chung của nhóm; Chất lượng công việc luôn trên mức mong đợi. | E15: Thường xuyên tham dự các buổi họp trao đổi liên quan đến dự án và đưa ra các ý kiến đề xuất cho công việc chung của nhóm; Chất lượng công việc trên mức mong đợi. | F15: Tham dự các buổi họp trao đổi liên quan đến dự án và đôi khi đưa ra các ý kiến đề xuất cho công việc chung của nhóm; Chất lượng công việc ở mức chấp nhận được. | G15: Không thường xuyên tham dự các buổi họp trao đổi liên quan đến dự án, lắng nghe những người khác và đôi khi đưa ra các ý kiến đề xuất, đóng góp cho công việc chung của nhóm; Chất lượng công việc không ổn định. | H15: Hiếm khi đóng góp cho nhóm; Các đóng góp thường là không liên quan; Thường xuyên bỏ lỡ các buổi làm việc nhóm. | I15: Không bao giờ có mặt và không có bất kỳ đóng góp nào cho nhóm
A16: Theo dõi và kiểm soát tiến độ cùng kết quả công việc | C16: Luôn luôn trao đổi và chia sẻ mọi thông tin tìm hiểu được với nhóm. Minh bạch mọi thông tin về tiến độ và kết quả công việc để tất cả mọi thành viên đều nắm rõ và dễ dàng theo dõi bằng cách thường xuyên cập nhật kết quả công việc được giao lên nơi lưu trữ tài liệu chung của nhóm. | E16: Có trao đổi trong nhóm về nội dung, tiến độ công việc nhưng không thường xuyên cập nhật lên nơi lưu trữ chung để tất cả mọi thành viên đều dễ dàng theo dõi. | F16: Có trao đổi trong nhóm về nội dung, tiến độ công việc nhưng luôn đợi nhắc nhở mới cập nhật tiến độ và kết quả công việc lên nơi lưu trữ chung để tất cả mọi thành viên đều dễ dàng theo dõi. | G16: Hiếm khi trao đổi, chia sẻ trong nhóm về nội dung, tiến độ công việc và cũng không ghi nhận minh bạch, rõ ràng để tất cả mọi thành viên đều dễ dàng theo dõi. | H16: Không theo dõi tiến độ và báo cáo công việc. Gần đến hạn nộp mới bắt đầu làm việc. | I16: Không bao giờ có mặt và không có bất kỳ đóng góp nào cho nhóm
A17: Khả năng lãnh đạo | C17: Luôn tìm kiếm cơ hội để dẫn dắt nhóm; lắng nghe tâm tư của từng thành viên; Bày tỏ kết quả mong đợi cho từng buổi làm việc và mỗi dự án; Giữ nhóm luôn theo đúng tiến độ; Tạo nền tảng cộng tác và tích hợp các nỗ lực cá nhân. | E17: Có mong muốn dẫn dắt nhóm; lắng nghe tâm tư của từng thành viên; Trình bày hướng đi chung cho từng buổi làm việc và mỗi dự án; Giữ nhóm luôn theo đúng tiến độ. | F17: Dẫn dắt nhóm trong trường hợp được yêu cầu; Không giỏi trong việc quan tâm sâu sát đến từng thành viên; Đôi khi đưa ra hướng đi cho các buổi làm việc nhóm; Gặp một vài rắc rối trong việc giữ nhóm luôn theo kịp tiến độ. | G17: Miễn cưỡng đảm nhiệm vai trò dẫn dắt nhóm; Cho phép sự đóng góp không đồng đều giữa các thành viên; Không có một ý niệm rõ ràng về kết quả mong đợi hoặc hướng đi; Không lên kế hoạch cho các buổi làm việc nhóm hoặc dự án. | H17: Có thể tình nguyện đảm nhiệm vai trò dẫn dắt nhóm nhưng không theo dõi công việc; Không hình dung ra kết quả mong đợi hoặc hướng đi cho các buổi làm việc nhóm hoặc dự án, khiến cho các thành viên trở nên thờ ơ và thiếu trách nhiệm với công việc chung. | I17: Không bao giờ có mặt và không có bất kỳ đóng góp nào cho nhóm.

Sheet Member 3
A1: RUBRIC ĐÁNH GIÁ KHẢ NĂNG CỦA TỪNG THÀNH VIÊN THAM GIA HIỆU QUẢ VÀO HOẠT ĐỘNG NHÓM
B3: Ngày | C3: <Evaluation Date>
A5: STT | B5: Người được đánh giá | D5: Tổng điểm | E5: Tiêu chí đánh giá
E6: Kỹ năng lắng nghe | F6: Cởi mở với những quan điểm khác biệt | G6: Tính chủ động & trách nhiệm | H6: Đóng góp | I6: Theo dõi và kiểm soát tiến độ cùng kết quả công việc | J6: Khả năng lãnh đạo
A7: 1 | B7: ='Member List'!C6 -> Nguyễn Minh Thuận | D7: =IFERROR(AVERAGE(VLOOKUP(E7,'Sheet 1'!$B$3:$D$8,3,),VLOOKUP(F7,'Sheet 1'!$B$3:$D$8,3,),VLOOKUP(G7,'Sheet 1'!$B$3:$D$8,3,),VLOOKUP(H7,'Sheet 1'!$B$3:$D$8,3,),VLOOKUP(I7,'Sheet 1'!$B$3:$D$8,3,),VLOOKUP(J7,'Sheet 1'!$B$3:$D$8,3,)),0) -> 1 | E7: Xuất sắc | F7: Xuất sắc | G7: Xuất sắc | H7: Xuất sắc | I7: Xuất sắc | J7: Xuất sắc
A8: 2 | B8: ='Member List'!C7 -> Lương Nhật Quang | D8: =IFERROR(AVERAGE(VLOOKUP(E8,'Sheet 1'!$B$3:$D$8,3,),VLOOKUP(F8,'Sheet 1'!$B$3:$D$8,3,),VLOOKUP(G8,'Sheet 1'!$B$3:$D$8,3,),VLOOKUP(H8,'Sheet 1'!$B$3:$D$8,3,),VLOOKUP(I8,'Sheet 1'!$B$3:$D$8,3,),VLOOKUP(J8,'Sheet 1'!$B$3:$D$8,3,)),0) -> 1 | E8: Xuất sắc | F8: Xuất sắc | G8: Xuất sắc | H8: Xuất sắc | I8: Xuất sắc | J8: Xuất sắc
A9: 3 | B9: ='Member List'!C8 -> Trần Quý Huy | D9: =IFERROR(AVERAGE(VLOOKUP(E9,'Sheet 1'!$B$3:$D$8,3,),VLOOKUP(F9,'Sheet 1'!$B$3:$D$8,3,),VLOOKUP(G9,'Sheet 1'!$B$3:$D$8,3,),VLOOKUP(H9,'Sheet 1'!$B$3:$D$8,3,),VLOOKUP(I9,'Sheet 1'!$B$3:$D$8,3,),VLOOKUP(J9,'Sheet 1'!$B$3:$D$8,3,)),0) -> 1 | E9: Xuất sắc | F9: Xuất sắc | G9: Xuất sắc | H9: Xuất sắc | I9: Xuất sắc | J9: Xuất sắc
A11: Tiêu chí | C11: Xuất sắc | E11: Tốt | F11: Khá | G11: Cần cải thiện | H11: Không thể chấp nhận | I11: Hoàn toàn không chấp nhận
A12: Kỹ năng lắng nghe | C12: Luôn luôn lắng nghe hết những gì người khác nói trước khi trả lời và luôn nói với thái độ trầm tĩnh; hiếm khi cắt ngang lời nói của người khác; thường xuyên mời người khác đóng góp ý kiến; duy trì sự giao tiếp bằng mắt. | E12: Thường xuyên lắng nghe những gì người khác nói trước khi trả lời, nói với mức độ vừa phải và thái độ trầm tĩnh; luôn mời người khác đóng góp ý kiến; tạo sự giao tiếp bằng mắt. | F12: Thỉnh thoảng lắng nghe những gì người khác nói trước khi trả lời; Đôi khi cắt ngang lời nói của người khác; đôi khi mời gọi ý kiến đóng góp của người khác; thỉnh thoảng tạo sự giao tiếp bằng mắt. | G12: Ít khi chịu lắng nghe những gì người khác nói trước khi trả lời; Thường xuyên cắt ngang lời nói của người khác; hiếm khi mời gọi ý kiến đóng góp của người khác; không tạo sự giao tiếp bằng mắt; Đôi khi làm việc riêng hoặc trò chuyện với người khác trong khi một thành viên trong nhóm đang trình bày. | H12: Không lắng nghe những gì người khác nói khi trả lời; Thường xuyên cắt ngang lời nói của người khác; Không mời gọi ý kiến đóng góp của người khác; Không tập trung và thường xuyên làm việc riêng hoặc trò chuyện với người khác trong khi một thành viên trong nhóm đang trình bày | I12: Không bao giờ có mặt và không có bất kỳ đóng góp nào cho nhóm.
A13: Cởi mở với những quan điểm khác biệt | C13: Lắng nghe ý kiến của người khác mà không ngắt ngang; Phản ứng tích cực ngay cả khi không chấp nhận ý kiến người khác; Đặt câu hỏi cho những ý kiến đưa ra. | E13: Lắng nghe ý kiến của người khác mà không ngắt ngang; Phản ứng tích cực ngay cả khi không chấp nhận ý kiến người khác. | F13: Đôi khi lắng nghe ý kiến của người khác mà không ngắt ngang; Có hồi đáp lại những ý kiến của người khác. | G13: Ngắt ngang ý kiến của người khác; Không nhận xét hoặc hồi đáp lại những ý kiến của người khác | H13: Ngắt ngang ý kiến của người khác; Đưa ra nhận xét chê bai và/hoặc thể hiện cử chỉ phản đối/xem thường ý kiến của người khác | I13: Không bao giờ có mặt và không có bất kỳ đóng góp nào cho nhóm.
A14: Tính chủ động và trách nhiệm | C14: Luôn luôn hoàn thành công việc được giao trước/đúng thời hạn đặt ra; Thường xuyên đến các buổi làm việc nhóm với những tài liệu cần thiết; Chủ động làm thêm những nghiên cứu, đọc, viết, thiết kế, thực hiện bổ sung so với yêu cầu đưa ra. | E14: Luôn chủ động hoàn thành mọi công việc được giao đúng hạn mà không phải đợi nhắc nhở. Thường xuyên tham gia các buổi làm việc nhóm với những tài liệu cần thiết. | F14: Hoàn thành công việc được giao đúng thời hạn mà ít khi đợi nhắc nhở; Thỉnh thoảng tham gia các buổi làm việc nhóm với đầy đủ những tài liệu cần thiết. | G14: Ít khi chủ động làm những công việc được phân công; thường xuyên phải đợi nhắc nhở. Ít khi tham gia các buổi làm việc nhóm mà có sự chuẩn bị những tài liệu cần thiết. | H14: Thụ động trong công việc, phải dựa dẫm vào người khác để làm việc. Thường xuyên không có sự chuẩn bị những tài liệu cần thiết khi tham gia các buổi làm việc nhóm. | I14: Không bao giờ có mặt và không có bất kỳ đóng góp nào cho nhóm
A15: Đóng góp | C15: Luôn tích cực tham dự các buổi họp trao đổi liên quan đến dự án và nỗ lực đóng góp nhiều sáng kiến/ý tưởng cho công việc chung của nhóm; Chất lượng công việc luôn trên mức mong đợi. | E15: Thường xuyên tham dự các buổi họp trao đổi liên quan đến dự án và đưa ra các ý kiến đề xuất cho công việc chung của nhóm; Chất lượng công việc trên mức mong đợi. | F15: Tham dự các buổi họp trao đổi liên quan đến dự án và đôi khi đưa ra các ý kiến đề xuất cho công việc chung của nhóm; Chất lượng công việc ở mức chấp nhận được. | G15: Không thường xuyên tham dự các buổi họp trao đổi liên quan đến dự án, lắng nghe những người khác và đôi khi đưa ra các ý kiến đề xuất, đóng góp cho công việc chung của nhóm; Chất lượng công việc không ổn định. | H15: Hiếm khi đóng góp cho nhóm; Các đóng góp thường là không liên quan; Thường xuyên bỏ lỡ các buổi làm việc nhóm. | I15: Không bao giờ có mặt và không có bất kỳ đóng góp nào cho nhóm
A16: Theo dõi và kiểm soát tiến độ cùng kết quả công việc | C16: Luôn luôn trao đổi và chia sẻ mọi thông tin tìm hiểu được với nhóm. Minh bạch mọi thông tin về tiến độ và kết quả công việc để tất cả mọi thành viên đều nắm rõ và dễ dàng theo dõi bằng cách thường xuyên cập nhật kết quả công việc được giao lên nơi lưu trữ tài liệu chung của nhóm. | E16: Có trao đổi trong nhóm về nội dung, tiến độ công việc nhưng không thường xuyên cập nhật lên nơi lưu trữ chung để tất cả mọi thành viên đều dễ dàng theo dõi. | F16: Có trao đổi trong nhóm về nội dung, tiến độ công việc nhưng luôn đợi nhắc nhở mới cập nhật tiến độ và kết quả công việc lên nơi lưu trữ chung để tất cả mọi thành viên đều dễ dàng theo dõi. | G16: Hiếm khi trao đổi, chia sẻ trong nhóm về nội dung, tiến độ công việc và cũng không ghi nhận minh bạch, rõ ràng để tất cả mọi thành viên đều dễ dàng theo dõi. | H16: Không theo dõi tiến độ và báo cáo công việc. Gần đến hạn nộp mới bắt đầu làm việc. | I16: Không bao giờ có mặt và không có bất kỳ đóng góp nào cho nhóm
A17: Khả năng lãnh đạo | C17: Luôn tìm kiếm cơ hội để dẫn dắt nhóm; lắng nghe tâm tư của từng thành viên; Bày tỏ kết quả mong đợi cho từng buổi làm việc và mỗi dự án; Giữ nhóm luôn theo đúng tiến độ; Tạo nền tảng cộng tác và tích hợp các nỗ lực cá nhân. | E17: Có mong muốn dẫn dắt nhóm; lắng nghe tâm tư của từng thành viên; Trình bày hướng đi chung cho từng buổi làm việc và mỗi dự án; Giữ nhóm luôn theo đúng tiến độ. | F17: Dẫn dắt nhóm trong trường hợp được yêu cầu; Không giỏi trong việc quan tâm sâu sát đến từng thành viên; Đôi khi đưa ra hướng đi cho các buổi làm việc nhóm; Gặp một vài rắc rối trong việc giữ nhóm luôn theo kịp tiến độ. | G17: Miễn cưỡng đảm nhiệm vai trò dẫn dắt nhóm; Cho phép sự đóng góp không đồng đều giữa các thành viên; Không có một ý niệm rõ ràng về kết quả mong đợi hoặc hướng đi; Không lên kế hoạch cho các buổi làm việc nhóm hoặc dự án. | H17: Có thể tình nguyện đảm nhiệm vai trò dẫn dắt nhóm nhưng không theo dõi công việc; Không hình dung ra kết quả mong đợi hoặc hướng đi cho các buổi làm việc nhóm hoặc dự án, khiến cho các thành viên trở nên thờ ơ và thiếu trách nhiệm với công việc chung. | I17: Không bao giờ có mặt và không có bất kỳ đóng góp nào cho nhóm.

Sheet Sheet 1
B3: Xuất sắc | C3: 5 | D3: 1
B4: Tốt | C4: 4 | D4: 0.9
B5: Khá | C5: 3 | D5: 0.75
B6: Cần cải thiện | C6: 2 | D6: 0.5
B7: Không thể chấp nhận | C7: 1 | D7: 0.25
B8: Hoàn toàn không chấp nhận | C8: 0 | D8: 0
